{
    "mean": [
        0.482941176,
        0.454509803,
        0.404156862
    ],
    "std": [
        1.0,
        1.0,
        1.0
    ],
    "scale": 255.0
}